route,concurrency,metric,baseline_values,baseline_median,baseline_min,baseline_max,candidate_values,candidate_median,candidate_min,candidate_max,candidate_change_percent,paired_changes_percent,paired_min_percent,paired_max_percent
room_show,1,rps,"[101.4, 99.3, 93.2, 105.7]",100.35,93.2,105.7,"[106.2, 114.7, 114.1, 121.5]",114.4,106.2,121.5,14.000996512207298,"[4.7337278106508895, 15.508559919436049, 22.424892703862653, 14.947965941343423]",4.7337278106508895,22.424892703862653
room_show,1,p50_ms,"[9.271, 9.263, 10.071, 9.191]",9.267,9.191,10.071,"[8.815, 8.375, 8.463, 8.099]",8.419,8.099,8.815,-9.150749973022542,"[-4.918563261784071, -9.5865270430746, -15.96663687816503, -11.881188118811881]",-15.96663687816503,-4.918563261784071
room_show,1,p99_ms,"[16.223, 18.447, 18.767, 13.087]",17.335,13.087,18.767,"[17.151, 12.359, 13.055, 10.567]",12.707,10.567,17.151,-26.697432939140462,"[5.720273685508226, -33.00265625847021, -30.436404326743748, -19.255749980897075]",-33.00265625847021,5.720273685508226
room_show,1,cpu_us_per_success,"[12962.395730706075, 13037.94211409396, 14262.798927613941, 12449.27659574468]",13000.168922400018,12449.27659574468,14262.798927613941,"[12031.150588235294, 10934.71968046478, 11035.930656934306, 10271.265250171351]",10985.325168699543,10271.265250171351,12031.150588235294,-15.498596716145641,"[-7.184205464926475, -16.13155216692982, -22.6243690811076, -17.495083580340733]",-22.6243690811076,-7.184205464926475
room_show,1,avg_bytes,"[21232, 21233, 21232, 21232]",21232.0,21232,21233,"[21232, 21232, 21232, 21232]",21232.0,21232,21232,0.0,"[0.0, -0.004709650072998173, 0.0, 0.0]",-0.004709650072998173,0.0
room_show,16,rps,"[313.7, 279.0, 277.4, 296.1]",287.55,277.4,313.7,"[328.3, 322.1, 358.2, 366.1]",343.25,322.1,366.1,19.37054425317335,"[4.654128147912018, 15.448028673835124, 29.127613554434028, 23.64066193853427]",4.654128147912018,29.127613554434028
room_show,16,p50_ms,"[50.591, 55.615, 56.191, 53.087]",54.351,50.591,56.191,"[47.519, 48.255, 43.551, 42.751]",45.535,42.751,48.255,-16.220492723224964,"[-6.07222628530767, -13.233839791423174, -22.49470555782954, -19.46992672405675]",-22.49470555782954,-6.07222628530767
room_show,16,p99_ms,"[66.239, 87.551, 94.527, 76.991]",82.271,66.239,94.527,"[89.791, 89.855, 76.159, 74.111]",82.975,74.111,89.855,0.8557085728871483,"[35.55609233231176, 2.631609005037072, -19.431485184127283, -3.74069696458027]",-19.431485184127283,35.55609233231176
room_show,16,cpu_us_per_success,"[11420.40365272631, 12660.477976190476, 12653.464851929404, 11990.47393497758]",12321.969393453492,11420.40365272631,12660.477976190476,"[12014.209979736575, 12313.700309757356, 11124.918504759693, 10841.88323489323]",11569.564242248134,10841.88323489323,12313.700309757356,-6.10620857088885,"[5.199521357272774, -2.7390566697819474, -12.0800615883217, -9.57919350238341]",-12.0800615883217,5.199521357272774
room_show,16,avg_bytes,"[21232, 21233, 21232, 21232]",21232.0,21232,21233,"[21232, 21232, 21232, 21232]",21232.0,21232,21232,0.0,"[0.0, -0.004709650072998173, 0.0, 0.0]",-0.004709650072998173,0.0
room_show,64,rps,"[310.2, 307.3, 281.8, 298.3]",302.8,281.8,310.2,"[318.1, 313.5, 323.4, 337.3]",320.75,313.5,337.3,5.928005284015847,"[2.5467440361057525, 2.017572404816126, 14.762242725337105, 13.074086490110638]",2.017572404816126,14.762242725337105
room_show,64,p50_ms,"[203.135, 208.255, 220.799, 211.455]",209.85500000000002,203.135,220.799,"[196.223, 201.471, 194.047, 187.007]",195.135,187.007,201.471,-7.01436706297206,"[-3.402663253501359, -3.25754483685865, -12.115996902159887, -11.561798018490933]",-12.115996902159887,-3.25754483685865
room_show,64,p99_ms,"[256.639, 240.895, 310.783, 263.423]",260.031,240.895,310.783,"[401.663, 401.663, 401.151, 341.247]",401.40700000000004,341.247,401.663,54.368902169356744,"[56.50894836716165, 66.73779032358496, 29.077523545367654, 29.543358021129528]",29.077523545367654,66.73779032358496
room_show,64,cpu_us_per_success,"[11423.07824933687, 11540.88969210174, 12471.227947598254, 11694.277716492003]",11617.58370429687,11423.07824933687,12471.227947598254,"[12377.529533678757, 12630.794858342078, 12291.87366276108, 11699.062820826204]",12334.70159821992,11699.062820826204,12630.794858342078,6.172694014313973,"[8.355464818752289, 9.44385740889837, -1.4381445483218402, 0.040918340150697396]",-1.4381445483218402,9.44385740889837
room_show,64,avg_bytes,"[21232, 21233, 21232, 21232]",21232.0,21232,21233,"[21232, 21232, 21232, 21232]",21232.0,21232,21232,0.0,"[0.0, -0.004709650072998173, 0.0, 0.0]",-0.004709650072998173,0.0
messages_page,1,rps,"[138.1, 136.9, 118.5, 138.9]",137.5,118.5,138.9,"[139.0, 147.0, 150.7, 147.8]",147.4,139.0,150.7,7.200000000000006,"[0.6517016654598251, 7.377647918188446, 27.172995780590714, 6.407487401007916]",0.6517016654598251,27.172995780590714
messages_page,1,p50_ms,"[6.791, 7.071, 7.931, 6.987]",7.029,6.791,7.931,"[6.855, 6.551, 6.423, 6.463]",6.507,6.423,6.855,-7.426376440460947,"[0.9424237962008641, -7.353981049356517, -19.013995713024833, -7.499642192643485]",-19.013995713024833,0.9424237962008641
messages_page,1,p99_ms,"[13.775, 10.823, 14.327, 10.743]",12.299,10.743,14.327,"[11.935, 10.935, 10.071, 10.311]",10.623000000000001,10.071,11.935,-13.627124156435466,"[-13.35753176043557, 1.034833225538212, -29.70614922872897, -4.021223122032957]",-29.70614922872897,1.034833225538212
messages_page,1,cpu_us_per_success,"[9007.66184448463, 9104.947656725502, 10762.287623066104, 9130.341127098322]",9117.644391911912,9007.66184448463,10762.287623066104,"[9793.394248052726, 8306.750141643059, 8116.108347153123, 8277.9503945885]",8292.35026811578,8116.108347153123,9793.394248052726,-9.051615618264663,"[8.722934065838594, -8.76663485805812, -24.587516786315945, -9.335803784811226]",-24.587516786315945,8.722934065838594
messages_page,1,avg_bytes,"[12089, 12081, 12080, 12081]",12081.0,12080,12089,"[12084, 12084, 12084, 12084]",12084.0,12084,12084,0.024832381425388128,"[-0.04135991397138383, 0.024832381425388128, 0.03311258278144713, 0.024832381425388128]",-0.04135991397138383,0.03311258278144713
messages_page,16,rps,"[382.6, 402.1, 374.6, 418.2]",392.35,374.6,418.2,"[431.6, 454.6, 452.7, 456.0]",453.65,431.6,456.0,15.623805275901613,"[12.807109252483006, 13.05645361850285, 20.848905499199134, 9.038737446197986]",9.038737446197986,20.848905499199134
messages_page,16,p50_ms,"[40.671, 39.263, 41.343, 37.407]",39.967,37.407,41.343,"[34.335, 32.415, 33.055, 32.799]",32.927,32.415,34.335,-17.614531988890835,"[-15.578667846868777, -17.441357002776147, -20.046924509590504, -12.318550004009943]",-20.046924509590504,-12.318550004009943
messages_page,16,p99_ms,"[64.351, 56.895, 70.911, 59.359]",61.855000000000004,56.895,70.911,"[86.207, 82.751, 75.007, 74.943]",78.879,74.943,86.207,27.522431493007836,"[33.96373016736336, 45.44511820019335, 5.776254741859521, 26.253811553429117]",5.776254741859521,45.44511820019335
messages_page,16,cpu_us_per_success,"[9412.434404865335, 9053.635517882985, 9630.284289829382, 8650.689326177699]",9233.03496137416,8650.689326177699,9630.284289829382,"[9152.284502698534, 8762.722232387923, 8793.04097005328, 8735.517417472187]",8777.8816012206,8735.517417472187,9152.284502698534,-4.929618073121844,"[-2.7638960440704685, -3.2132206440213196, -8.69385881640401, 0.9805934312979048]",-8.69385881640401,0.9805934312979048
messages_page,16,avg_bytes,"[12089, 12081, 12080, 12081]",12081.0,12080,12089,"[12084, 12084, 12084, 12084]",12084.0,12084,12084,0.024832381425388128,"[-0.04135991397138383, 0.024832381425388128, 0.03311258278144713, 0.024832381425388128]",-0.04135991397138383,0.03311258278144713
messages_page,64,rps,"[381.0, 403.6, 391.5, 420.8]",397.55,381.0,420.8,"[413.3, 423.3, 404.5, 423.7]",418.3,404.5,423.7,5.219469249151043,"[8.477690288713923, 4.881070366699691, 3.3205619412515874, 0.6891634980988437]",0.6891634980988437,8.477690288713923
messages_page,64,p50_ms,"[164.223, 155.647, 159.871, 150.399]",157.75900000000001,150.399,164.223,"[139.519, 132.607, 138.879, 137.983]",138.43099999999998,132.607,139.519,-12.251598957904164,"[-15.042959877727235, -14.802726682814315, -13.130586535394173, -8.255374038391206]",-15.042959877727235,-8.255374038391206
messages_page,64,p99_ms,"[222.335, 207.999, 212.479, 187.519]",210.239,187.519,222.335,"[385.023, 402.687, 401.407, 378.879]",393.21500000000003,378.879,402.687,87.0323774371073,"[73.1724649740257, 93.60045000216348, 88.91608111860465, 102.04832576965535]",73.1724649740257,102.04832576965535
messages_page,64,cpu_us_per_success,"[9499.07663996536, 9114.007563368765, 9340.369363674674, 8648.67281648675]",9227.18846352172,8648.67281648675,9499.07663996536,"[9557.274654930987, 9423.481539363156, 9858.62660944206, 9395.821414615084]",9490.378097147071,9395.821414615084,9858.62660944206,2.8523274957028555,"[0.6126702328179023, 3.39558612216031, 5.548573354956643, 8.63888152531407]",0.6126702328179023,8.63888152531407
messages_page,64,avg_bytes,"[12089, 12081, 12080, 12081]",12081.0,12080,12089,"[12084, 12084, 12084, 12084]",12084.0,12084,12084,0.024832381425388128,"[-0.04135991397138383, 0.024832381425388128, 0.03311258278144713, 0.024832381425388128]",-0.04135991397138383,0.03311258278144713
sidebar,1,rps,"[246.1, 277.1, 199.3, 251.4]",248.75,199.3,277.1,"[283.1, 304.9, 286.6, 300.9]",293.75,283.1,304.9,18.090452261306524,"[15.034538805363695, 10.032479249368432, 43.803311590566985, 19.689737470167046]",10.032479249368432,43.803311590566985
sidebar,1,p50_ms,"[3.731, 3.487, 4.395, 3.655]",3.6929999999999996,3.487,4.395,"[3.373, 3.169, 3.343, 3.139]",3.2560000000000002,3.139,3.373,-11.83319794205252,"[-9.595282766014467, -9.119587037568111, -23.936291240045506, -14.117647058823534]",-23.936291240045506,-9.119587037568111
sidebar,1,p99_ms,"[6.595, 5.527, 13.487, 6.295]",6.445,5.527,13.487,"[5.559, 4.835, 5.435, 5.351]",5.393,4.835,5.559,-16.322730799069053,"[-15.70887035633055, -12.520354622760998, -59.70193519685624, -14.996028594122324]",-59.70193519685624,-12.520354622760998
sidebar,1,cpu_us_per_success,"[6414.8073798239675, 5914.684305472038, 8065.1763476807355, 6380.46056991385]",6397.633974868909,5914.684305472038,8065.1763476807355,"[5873.343832793641, 5489.1052200054655, 5776.291279069767, 5568.394518272426]",5672.342898671097,5489.1052200054655,5873.343832793641,-11.33686420709421,"[-8.44083874963032, -7.195296713855781, -28.379851474285147, -12.727389233789888]",-28.379851474285147,-7.195296713855781
sidebar,1,avg_bytes,"[6106, 6107, 6107, 6107]",6107.0,6106,6107,"[6106, 6107, 6106, 6107]",6106.5,6106,6107,-0.00818732601932659,"[0.0, 0.0, -0.01637465203864208, 0.0]",-0.01637465203864208,0.0
sidebar,16,rps,"[454.4, 465.4, 411.4, 443.6]",449.0,411.4,465.4,"[749.3, 725.4, 740.8, 717.1]",733.0999999999999,717.1,749.3,63.27394209354118,"[64.8987676056338, 55.8659217877095, 80.06806028196402, 61.6546438232642]",55.8659217877095,80.06806028196402
sidebar,16,p50_ms,"[33.631, 33.919, 38.111, 35.423]",34.671,33.631,38.111,"[20.559, 21.487, 21.087, 20.943]",21.015,20.559,21.487,-39.38738426927403,"[-38.86890071660075, -36.652023939385, -44.6695179869329, -40.87739604211953]",-44.6695179869329,-36.652023939385
sidebar,16,p99_ms,"[54.207, 51.743, 59.007, 54.367]",54.287,51.743,59.007,"[40.575, 39.295, 39.615, 42.015]",40.095,39.295,42.015,-26.142538729345887,"[-25.148043610603786, -24.057360415901663, -32.863897503686005, -22.719664502363557]",-32.863897503686005,-22.719664502363557
sidebar,16,cpu_us_per_success,"[7006.208821376281, 7026.756703611012, 7659.065858585858, 7156.191002811622]",7091.473853211317,7006.208821376281,7659.065858585858,"[5188.081417305342, 5426.523066330044, 5255.718588446842, 5465.558509403297]",5341.120827388442,5188.081417305342,5465.558509403297,-24.68249988724476,"[-25.950231436490224, -22.773431680915003, -31.379117434338944, -23.624753625833716]",-31.379117434338944,-22.773431680915003
sidebar,16,avg_bytes,"[6107, 6106, 6107, 6107]",6107.0,6106,6107,"[6107, 6106, 6106, 6107]",6106.5,6106,6107,-0.00818732601932659,"[0.0, 0.0, -0.01637465203864208, 0.0]",-0.01637465203864208,0.0
sidebar,64,rps,"[447.6, 449.0, 418.6, 457.1]",448.3,418.6,457.1,"[769.0, 727.6, 728.5, 716.7]",728.05,716.7,769.0,62.40240910104839,"[71.80518319928507, 62.04899777282851, 74.03248924988056, 56.79282432728068]",56.79282432728068,74.03248924988056
sidebar,64,p50_ms,"[139.135, 139.775, 146.047, 139.391]",139.583,139.135,146.047,"[77.759, 91.775, 87.871, 85.439]",86.655,77.759,91.775,-37.918657716197536,"[-44.112552556869225, -34.34090502593453, -39.83375214828103, -38.7055118336191]",-44.112552556869225,-34.34090502593453
sidebar,64,p99_ms,"[213.119, 212.735, 313.087, 169.599]",212.92700000000002,169.599,313.087,"[166.015, 140.543, 140.799, 151.039]",145.91899999999998,140.543,166.015,-31.469940402109653,"[-22.102205809899644, -33.935177568336194, -55.02879391351285, -10.943460751537447]",-55.02879391351285,-10.943460751537447
sidebar,64,cpu_us_per_success,"[7085.720930232558, 7192.472038263429, 7471.420292721519, 6898.691487439002]",7139.096484247993,6898.691487439002,7471.420292721519,"[5072.019846834214, 5429.6550820419325, 5359.454648913167, 5476.436473038649]",5394.55486547755,5072.019846834214,5476.436473038649,-24.436448262321065,"[-28.419141866094535, -24.509194430557923, -28.267257911668807, -20.616301178128726]",-28.419141866094535,-20.616301178128726
sidebar,64,avg_bytes,"[6106, 6107, 6107, 6107]",6107.0,6106,6107,"[6107, 6106, 6107, 6107]",6107.0,6106,6107,0.0,"[0.016377333770067892, -0.01637465203864208, 0.0, 0.0]",-0.01637465203864208,0.016377333770067892
search,1,rps,"[179.6, 175.1, 165.7, 182.5]",177.35,165.7,182.5,"[244.9, 214.3, 232.0, 236.8]",234.4,214.3,244.9,32.168029320552584,"[36.358574610244986, 22.387207310108526, 40.01207000603502, 29.753424657534254]",22.387207310108526,40.01207000603502
search,1,p50_ms,"[5.359, 5.487, 5.863, 5.275]",5.423,5.275,5.863,"[3.893, 4.435, 4.151, 4.071]",4.111,3.893,4.435,-24.193250968098845,"[-27.355849972009704, -19.172589757608904, -29.200068224458477, -22.82464454976304]",-29.200068224458477,-19.172589757608904
search,1,p99_ms,"[9.119, 8.911, 8.863, 8.279]",8.887,8.279,9.119,"[6.291, 7.707, 6.711, 6.455]",6.583,6.291,7.707,-25.92550917069878,"[-31.01217238732317, -13.511390416339353, -24.280717589980817, -22.03164633409832]",-31.01217238732317,-13.511390416339353
search,1,cpu_us_per_success,"[7586.2940630797775, 8058.458610846813, 8458.240321769734, 8415.626484018265]",8237.042547432538,7586.2940630797775,8458.240321769734,"[5866.466485199047, 6672.385153517295, 6100.880747126437, 5975.217452498241]",6038.049099812339,5866.466485199047,6672.385153517295,-26.696395398681283,"[-22.670193952151372, -17.200230518822057, -27.87056745805565, -28.99854260588316]",-28.99854260588316,-17.200230518822057
search,1,avg_bytes,"[10272, 10264, 10264, 10259]",10264.0,10259,10272,"[9990, 9990, 9990, 9990]",9990.0,9990,9990,-2.669524551831648,"[-2.7453271028037407, -2.669524551831648, -2.669524551831648, -2.6220879227994986]",-2.7453271028037407,-2.6220879227994986
search,16,rps,"[422.9, 419.1, 404.2, 412.4]",415.75,404.2,422.9,"[652.2, 644.0, 634.5, 639.3]",641.65,634.5,652.2,54.335538184004804,"[54.220855994324914, 53.66261035552373, 56.976744186046524, 55.01939864209504]",53.66261035552373,56.976744186046524
search,16,p50_ms,"[36.511, 37.439, 38.399, 37.695]",37.567,36.511,38.399,"[23.791, 24.319, 24.527, 24.431]",24.375,23.791,24.527,-35.11592621183486,"[-34.83881569937828, -35.04367103822218, -36.1259407797078, -35.18769067515586]",-36.1259407797078,-34.83881569937828
search,16,p99_ms,"[61.343, 55.391, 58.559, 59.711]",59.135,55.391,61.343,"[45.151, 41.887, 47.007, 45.343]",45.247,41.887,47.007,-23.485245624418706,"[-26.395839786120668, -24.379411817804332, -19.727112826380232, -24.062568036040254]",-26.395839786120668,-19.727112826380232
search,16,cpu_us_per_success,"[7779.434774066797, 8018.532142857143, 8036.01151789387, 7979.528842275111]",7999.030492566128,7779.434774066797,8036.01151789387,"[6025.359229493558, 6164.547428276041, 6193.325508196721, 6167.932717334722]",6166.240072805382,6025.359229493558,6193.325508196721,-22.912656995920234,"[-22.547596265226787, -23.1212481480494, -22.930355507754328, -22.703046266875447]",-23.1212481480494,-22.547596265226787
search,16,avg_bytes,"[10272, 10264, 10263, 10259]",10263.5,10259,10272,"[9990, 9990, 9990, 9990]",9990.0,9990,9990,-2.6647829687728386,"[-2.7453271028037407, -2.669524551831648, -2.6600409237065192, -2.6220879227994986]",-2.7453271028037407,-2.6220879227994986
search,64,rps,"[451.2, 451.6, 432.2, 431.9]",441.7,431.9,451.6,"[638.9, 626.5, 624.3, 652.7]",632.7,624.3,652.7,43.242019470228676,"[41.60017730496455, 38.728963684676685, 44.447015270708, 51.12294512618662]",38.728963684676685,51.12294512618662
search,64,p50_ms,"[140.543, 139.519, 144.511, 148.223]",142.527,139.519,148.223,"[100.287, 105.279, 99.903, 95.039]",100.095,95.039,105.279,-29.77120124607968,"[-28.643191051848905, -24.54146030289782, -30.868238403996916, -35.88107108883237]",-35.88107108883237,-24.54146030289782
search,64,p99_ms,"[189.055, 182.143, 227.455, 182.271]",185.663,182.143,227.455,"[162.815, 182.143, 185.471, 177.791]",179.96699999999998,162.815,185.471,-3.0679241421284975,"[-13.879558858533237, 0.0, -18.45815655844013, -2.4578786532141628]",-18.45815655844013,0.0
search,64,cpu_us_per_success,"[7338.659224011713, 7481.392425905598, 7584.004781028877, 7622.095756880734]",7532.698603467237,7338.659224011713,7622.095756880734,"[6179.839859958506, 6341.465617561492, 6299.472071115829, 6063.041248889453]",6239.6559655371675,6063.041248889453,6341.465617561492,-17.16572912309133,"[-15.790614180061802, -15.236826829146343, -16.93739319793497, -20.454407261728093]",-20.454407261728093,-15.236826829146343
search,64,avg_bytes,"[10272, 10264, 10264, 10259]",10264.0,10259,10272,"[9990, 9990, 9990, 9990]",9990.0,9990,9990,-2.669524551831648,"[-2.7453271028037407, -2.669524551831648, -2.669524551831648, -2.6220879227994986]",-2.7453271028037407,-2.6220879227994986
avatar,1,rps,"[4468.7, 4276.9, 3673.8, 4213.2]",4245.049999999999,3673.8,4468.7,"[4706.5, 4448.9, 4203.6, 4581.4]",4515.15,4203.6,4706.5,6.362704797352214,"[5.321458142189006, 4.021604433117454, 14.421035440143726, 8.739200607614151]",4.021604433117454,14.421035440143726
avatar,1,p50_ms,"[0.204, 0.213, 0.243, 0.215]",0.214,0.204,0.243,"[0.199, 0.208, 0.219, 0.203]",0.20550000000000002,0.199,0.219,-3.971962616822422,"[-2.450980392156854, -2.3474178403755874, -9.876543209876543, -5.581395348837203]",-9.876543209876543,-2.3474178403755874
avatar,1,p99_ms,"[0.495, 0.534, 0.61, 0.539]",0.5365,0.495,0.61,"[0.478, 0.504, 0.527, 0.491]",0.4975,0.478,0.527,-7.26933830382106,"[-3.4343434343434343, -5.61797752808989, -13.606557377049178, -8.905380333951774]",-13.606557377049178,-3.4343434343434343
avatar,1,cpu_us_per_success,"[311.18397792115763, 326.8230652326397, 385.32293698679854, 329.51756329113925]",328.1703142618895,311.18397792115763,385.32293698679854,"[291.692522884612, 312.73804484237735, 336.102509713742, 302.9395394521445]",307.83879214726096,291.692522884612,336.102509713742,-6.195417815397941,"[-6.263643509783801, -4.309677586628203, -12.77381192460465, -8.06573815779046]",-12.77381192460465,-4.309677586628203
avatar,1,avg_bytes,"[3360, 3360, 3360, 3360]",3360.0,3360,3360,"[3360, 3360, 3360, 3360]",3360.0,3360,3360,0.0,"[0.0, 0.0, 0.0, 0.0]",0.0,0.0
avatar,16,rps,"[27610.7, 25311.7, 24568.2, 25262.6]",25287.15,24568.2,27610.7,"[28563.8, 25174.5, 25450.0, 27049.4]",26249.7,25174.5,28563.8,3.806478784679168,"[3.4519226242000434, -0.5420418225563717, 3.589192533437524, 7.072906193345108]",-0.5420418225563717,7.072906193345108
avatar,16,p50_ms,"[0.35, 0.38, 0.393, 0.382]",0.381,0.35,0.393,"[0.345, 0.384, 0.381, 0.36]",0.3705,0.345,0.384,-2.75590551181103,"[-1.4285714285714346, 1.0526315789473717, -3.053435114503822, -5.759162303664922]",-5.759162303664922,1.0526315789473717
avatar,16,p99_ms,"[2.755, 3.027, 3.067, 3.041]",3.034,2.755,3.067,"[2.575, 2.995, 2.971, 2.731]",2.851,2.575,2.995,-6.031641397495047,"[-6.533575317604345, -1.0571522960026392, -3.1300945549396886, -10.194015126603095]",-10.194015126603095,-1.0571522960026392
avatar,16,cpu_us_per_success,"[123.72712265432136, 135.4278806431969, 139.04060750151774, 135.54754805599165]",135.48771434959428,123.72712265432136,139.04060750151774,"[121.22865494346492, 135.89130182939948, 134.5919024840633, 127.57610389930443]",131.08400319168385,121.22865494346492,135.89130182939948,-3.2502660326438892,"[-2.019337116435549, 0.342190385023855, -3.1995724827409755, -5.880920954316638]",-5.880920954316638,0.342190385023855
avatar,16,avg_bytes,"[3360, 3360, 3360, 3360]",3360.0,3360,3360,"[3360, 3360, 3360, 3360]",3360.0,3360,3360,0.0,"[0.0, 0.0, 0.0, 0.0]",0.0,0.0
avatar,64,rps,"[19714.8, 18691.7, 18540.6, 20899.2]",19203.25,18540.6,20899.2,"[19910.7, 18959.1, 19408.9, 19180.5]",19294.7,18959.1,19910.7,0.4762214729277625,"[0.9936697303548625, 1.430581488040139, 4.683235709739719, -8.223759761139181]",-8.223759761139181,4.683235709739719
avatar,64,p50_ms,"[1.49, 1.518, 1.573, 1.473]",1.504,1.473,1.573,"[1.46, 1.499, 1.484, 1.407]",1.472,1.407,1.499,-2.127659574468088,"[-2.0134228187919434, -1.2516469038208133, -5.657978385251106, -4.480651731160901]",-5.657978385251106,-1.2516469038208133
avatar,64,p99_ms,"[20.015, 20.815, 21.087, 18.527]",20.415,18.527,21.087,"[19.471, 20.463, 20.287, 20.543]",20.375,19.471,20.543,-0.1959343619887255,"[-2.717961528853363, -1.6910881575786685, -3.793806610708017, 10.881416311329396]",-3.793806610708017,10.881416311329396
avatar,64,cpu_us_per_success,"[169.36542865593444, 178.34564836643835, 179.76984455027406, 160.24354809780985]",173.8555385111864,160.24354809780985,179.76984455027406,"[168.60406286735022, 178.48724753188665, 172.7324097202551, 175.28984890402214]",174.01112931213862,168.60406286735022,178.48724753188665,0.08949430215718923,"[-0.4495402601500942, 0.07939591840073756, -3.9146915032520213, 9.389645314785655]",-3.9146915032520213,9.389645314785655
avatar,64,avg_bytes,"[3360, 3360, 3360, 3360]",3360.0,3360,3360,"[3360, 3360, 3360, 3360]",3360.0,3360,3360,0.0,"[0.0, 0.0, 0.0, 0.0]",0.0,0.0
static_css,1,rps,"[5408.4, 5065.9, 5194.3, 5173.2]",5183.75,5065.9,5408.4,"[5065.3, 5371.3, 5110.1, 5312.2]",5211.15,5065.3,5371.3,0.5285748734024542,"[-6.343835515124607, 6.02854379281077, -1.6210076429932774, 2.6869249207453816]",-6.343835515124607,6.02854379281077
static_css,1,p50_ms,"[0.17, 0.179, 0.177, 0.176]",0.1765,0.17,0.179,"[0.179, 0.172, 0.179, 0.172]",0.1755,0.172,0.179,-0.5665722379603388,"[5.294117647058805, -3.9106145251396662, 1.1299435028248705, -2.2727272727272707]",-3.9106145251396662,5.294117647058805
static_css,1,p99_ms,"[0.413, 0.45, 0.434, 0.454]",0.442,0.413,0.454,"[0.456, 0.407, 0.436, 0.443]",0.4395,0.407,0.456,-0.5656108597285048,"[10.411622276029075, -9.55555555555556, 0.4608294930875667, -2.4229074889867808]",-9.55555555555556,10.411622276029075
static_css,1,cpu_us_per_success,"[271.86353271085636, 294.961327148309, 283.6882871031396, 283.98410141589216]",283.8361942595159,271.86353271085636,294.961327148309,"[290.3909352636341, 276.9301715845977, 293.83748083885064, 281.848228151913]",286.1195817077736,276.9301715845977,293.83748083885064,0.8044736698273214,"[6.814964246228183, -6.113057510975017, 3.5775864556653714, -0.752110154522756]",-6.113057510975017,6.814964246228183
static_css,1,avg_bytes,"[653, 653, 653, 653]",653.0,653,653,"[653, 653, 653, 653]",653.0,653,653,0.0,"[0.0, 0.0, 0.0, 0.0]",0.0,0.0
static_css,16,rps,"[35423.2, 33556.9, 35547.6, 34388.2]",34905.7,33556.9,35547.6,"[40452.1, 33878.7, 35156.7, 37066.7]",36111.7,33878.7,40452.1,3.455023105108901,"[14.196628198468808, 0.9589682002806965, -1.0996522972015033, 7.7890090205361195]",-1.0996522972015033,14.196628198468808
static_css,16,p50_ms,"[0.295, 0.313, 0.293, 0.299]",0.297,0.293,0.313,"[0.259, 0.307, 0.298, 0.281]",0.2895,0.259,0.307,-2.5252525252525304,"[-12.20338983050847, -1.9169329073482455, 1.7064846416382284, -6.020066889632092]",-12.20338983050847,1.7064846416382284
static_css,16,p99_ms,"[2.233, 2.375, 2.243, 2.331]",2.287,2.233,2.375,"[1.959, 2.361, 2.239, 2.153]",2.1959999999999997,1.959,2.361,-3.9790118058592117,"[-12.2704881325571, -0.5894736842105175, -0.1783325902808719, -7.6362076362076365]",-12.2704881325571,-0.1783325902808719
static_css,16,cpu_us_per_success,"[100.13262137749341, 106.68071951092328, 100.04130090829183, 102.17053869116849]",101.15158003433095,100.04130090829183,106.68071951092328,"[88.41050855766873, 104.65983280989073, 101.25639330119499, 96.00607190065553]",98.63123260092526,88.41050855766873,104.65983280989073,-2.4916540429227862,"[-11.706587382380695, -1.8943317127005588, 1.2145907558889446, -6.033507182678499]",-11.706587382380695,1.2145907558889446
static_css,16,avg_bytes,"[653, 653, 653, 653]",653.0,653,653,"[653, 653, 653, 653]",653.0,653,653,0.0,"[0.0, 0.0, 0.0, 0.0]",0.0,0.0
static_css,64,rps,"[30209.6, 27507.1, 31887.5, 29207.7]",29708.65,27507.1,31887.5,"[29611.9, 28398.4, 27324.0, 29675.3]",29005.15,27324.0,29675.3,-2.367997199468841,"[-1.978510142471257, 3.2402543343355017, -14.311250490003925, 1.600947695299526]",-14.311250490003925,3.2402543343355017
static_css,64,p50_ms,"[1.097, 1.242, 1.064, 1.14]",1.1185,1.064,1.242,"[1.12, 1.189, 1.169, 1.128]",1.1484999999999999,1.12,1.189,2.682163611980304,"[2.096627164995457, -4.267310789049916, 9.868421052631572, -1.0526315789473717]",-4.267310789049916,9.868421052631572
static_css,64,p99_ms,"[12.519, 13.615, 11.647, 12.863]",12.690999999999999,11.647,13.615,"[12.591, 13.159, 14.031, 12.647]",12.903,12.591,14.031,1.6704751398629147,"[0.5751258087706601, -3.3492471538744018, 20.46879024641539, -1.6792350151597524]",-3.3492471538744018,20.46879024641539
static_css,64,cpu_us_per_success,"[115.80950411400084, 128.5384505899169, 109.6066307752187, 119.02171612737618]",117.41561012068851,109.6066307752187,128.5384505899169,"[117.77402350452594, 122.83174392715817, 127.6614141783651, 117.61792876552359]",120.30288371584206,117.61792876552359,127.6614141783651,2.4590202207234624,"[1.6963369332721356, -4.43968838629083, 16.472345947913645, -1.1794380114216074]",-4.43968838629083,16.472345947913645
static_css,64,avg_bytes,"[653, 653, 653, 653]",653.0,653,653,"[653, 653, 653, 653]",653.0,653,653,0.0,"[0.0, 0.0, 0.0, 0.0]",0.0,0.0
up,1,rps,"[993.8, 905.0, 1039.4, 958.3]",976.05,905.0,1039.4,"[1209.3, 1304.7, 1291.0, 1335.9]",1297.85,1209.3,1335.9,32.969622457865874,"[21.68444355001007, 44.1657458563536, 24.20627284972099, 39.403109673379966]",21.68444355001007,44.1657458563536
up,1,p50_ms,"[0.972, 1.052, 0.936, 1.008]",0.99,0.936,1.052,"[0.785, 0.737, 0.739, 0.726]",0.738,0.726,0.785,-25.454545454545453,"[-19.23868312757201, -29.94296577946769, -21.04700854700855, -27.976190476190478]",-29.94296577946769,-19.23868312757201
up,1,p99_ms,"[1.526, 1.777, 1.419, 1.664]",1.595,1.419,1.777,"[1.423, 1.223, 1.277, 1.159]",1.25,1.159,1.423,-21.630094043887148,"[-6.7496723460026224, -31.17613956105796, -10.007047216349552, -30.348557692307686]",-31.17613956105796,-6.7496723460026224
up,1,cpu_us_per_success,"[1505.3672647995975, 1634.1568916306048, 1594.9458072791406, 1717.9303538822712]",1614.5513494548727,1505.3672647995975,1717.9303538822712,"[1337.0789636877282, 1241.1185975220335, 1256.4939004711805, 1216.827022643628]",1248.8062489966069,1216.827022643628,1337.0789636877282,-22.653048512935424,"[-11.17921885555766, -24.051441824315123, -21.220276279188067, -29.169013173684434]",-29.169013173684434,-11.17921885555766
up,1,avg_bytes,"[88, 88, 88, 88]",88.0,88,88,"[88, 88, 88, 88]",88.0,88,88,0.0,"[0.0, 0.0, 0.0, 0.0]",0.0,0.0
up,16,rps,"[3254.4, 3016.2, 3252.1, 3281.6]",3253.25,3016.2,3281.6,"[4122.1, 4325.4, 4479.8, 4518.1]",4402.6,4122.1,4518.1,35.32928609851689,"[26.662364798426765, 43.405609707579075, 37.75099166692293, 37.67979034617262]",26.662364798426765,43.405609707579075
up,16,p50_ms,"[4.319, 4.755, 4.323, 4.363]",4.343,4.319,4.755,"[3.507, 3.271, 3.309, 3.287]",3.298,3.271,3.507,-24.061708496431034,"[-18.80064829821717, -31.209253417455308, -23.455933379597504, -24.66192986477196]",-31.209253417455308,-18.80064829821717
up,16,p99_ms,"[15.215, 14.679, 15.223, 14.607]",14.947,14.607,15.223,"[11.271, 11.351, 9.335, 9.183]",10.303,9.183,11.351,-31.069779888940918,"[-25.921787709497202, -22.671844131071595, -38.67831570649675, -37.13288149517354]",-38.67831570649675,-22.671844131071595
up,16,cpu_us_per_success,"[1122.0780690078836, 1281.7216452129717, 1137.112280971411, 1122.5585510116011]",1129.8354159915061,1122.0780690078836,1281.7216452129717,"[872.7999353195618, 812.8555581234111, 816.9142458620048, 806.620173335792]",814.8849019927079,806.620173335792,872.7999353195618,-27.875786998800002,"[-22.21575669050622, -36.58096037003834, -28.1588758179507, -28.144489870136326]",-36.58096037003834,-22.21575669050622
up,16,avg_bytes,"[88, 88, 88, 88]",88.0,88,88,"[88, 88, 88, 88]",88.0,88,88,0.0,"[0.0, 0.0, 0.0, 0.0]",0.0,0.0
up,64,rps,"[3220.3, 3320.2, 2976.6, 3367.1]",3270.25,2976.6,3367.1,"[4450.7, 4309.9, 4157.8, 4482.6]",4380.299999999999,4157.8,4482.6,33.9438880819509,"[38.20762040803651, 29.808445274381068, 39.68285963851375, 33.12939918624338]",29.808445274381068,39.68285963851375
up,64,p50_ms,"[18.639, 18.095, 20.047, 17.775]",18.366999999999997,17.775,20.047,"[13.279, 13.703, 14.063, 13.111]",13.491,13.111,14.063,-26.547612566015122,"[-28.756907559418423, -24.2718983144515, -29.849852845812343, -26.23909985935301]",-29.849852845812343,-24.2718983144515
up,64,p99_ms,"[49.311, 48.575, 54.943, 48.575]",48.943,48.575,54.943,"[38.079, 40.511, 42.271, 38.591]",39.551,38.079,42.271,-19.189669615675374,"[-22.777879175031934, -16.601132269686047, -23.063902589956864, -20.553782810087494]",-23.063902589956864,-16.601132269686047
up,64,cpu_us_per_success,"[1161.8668596237337, 1169.0386457680252, 1257.8781823771064, 1111.2267200474496]",1165.4527526958796,1111.2267200474496,1257.8781823771064,"[824.5199162209672, 834.7929269517518, 896.8781186175964, 828.6867930835949]",831.7398600176734,824.5199162209672,896.8781186175964,-28.633755586082277,"[-29.034905385976415, -28.59150294357321, -28.699127532151103, -25.42594790663333]",-29.034905385976415,-25.42594790663333
up,64,avg_bytes,"[88, 88, 88, 88]",88.0,88,88,"[88, 88, 88, 88]",88.0,88,88,0.0,"[0.0, 0.0, 0.0, 0.0]",0.0,0.0
post_message,1,rps,"[89.6, 83.5, 72.5, 88.3]",85.9,72.5,89.6,"[155.0, 138.2, 143.3, 144.5]",143.9,138.2,155.0,67.52037252619326,"[72.99107142857144, 65.50898203592811, 97.65517241379311, 63.6466591166478]",63.6466591166478,97.65517241379311
post_message,1,p50_ms,"[10.967, 11.695, 12.543, 10.983]",11.339,10.967,12.543,"[6.283, 6.815, 6.831, 6.771]",6.793,6.283,6.831,-40.09171884645912,"[-42.70994802589587, -41.72723386062419, -45.53934465438889, -38.35017754711828]",-45.53934465438889,-38.35017754711828
post_message,1,p99_ms,"[18.031, 19.007, 31.839, 18.959]",18.983,18.031,31.839,"[12.431, 14.095, 13.231, 13.159]",13.195,12.431,14.095,-30.49043881367539,"[-31.057622982641007, -25.843110432998373, -58.44404660950406, -30.592330819136027]",-58.44404660950406,-25.843110432998373
post_message,1,cpu_us_per_success,"[18096.65953488372, 19056.106786427146, 21908.419540229886, 18822.525471698114]",18939.31612906263,18096.65953488372,21908.419540229886,"[14157.063440860215, 15789.575647980711, 15424.413953488372, 14637.534870317002]",15030.974411902687,14157.063440860215,15789.575647980711,-20.636129047777718,"[-21.76974201470393, -17.141650049804745, -29.595953166932443, -22.233948402268013]",-29.595953166932443,-17.141650049804745
post_message,1,avg_bytes,"[2006, 2006, 2005, 2005]",2005.5,2005,2006,"[2006, 2006, 2006, 2006]",2006.0,2006,2006,0.024931438544006923,"[0.0, 0.0, 0.04987531172069293, 0.04987531172069293]",0.0,0.04987531172069293
post_message,16,rps,"[281.4, 265.4, 251.8, 307.0]",273.4,251.8,307.0,"[397.1, 400.2, 354.1, 395.5]",396.3,354.1,400.2,44.95245062179958,"[41.115849324804564, 50.79125847776942, 40.627482128673556, 28.827361563517904]",28.827361563517904,50.79125847776942
post_message,16,p50_ms,"[56.031, 59.167, 61.567, 51.423]",57.599000000000004,51.423,61.567,"[39.967, 39.039, 44.223, 39.839]",39.903,39.039,44.223,-30.722755603395903,"[-28.669843479502422, -34.018963273446346, -28.17093572855588, -22.526884856970618]",-34.018963273446346,-22.526884856970618
post_message,16,p99_ms,"[80.767, 81.535, 97.727, 68.863]",81.151,68.863,97.727,"[61.055, 63.391, 72.383, 56.543]",62.223,56.543,72.383,-23.32441990856551,"[-24.40600740401401, -22.25302017538481, -25.93346772130528, -17.890594368528824]",-25.93346772130528,-17.890594368528824
post_message,16,cpu_us_per_success,"[11348.624852420307, 12158.328947368422, 12648.192015836357, 10421.58358168518]",11753.476899894365,10421.58358168518,12648.192015836357,"[9642.60443700293, 9501.871805526698, 10844.08640525945, 9709.7506832037]",9676.177560103315,9501.871805526698,10844.08640525945,-17.673913493714533,"[-15.032838230206691, -21.848867170325192, -14.263743057648481, -6.8303717271188]",-21.848867170325192,-6.8303717271188
post_message,16,avg_bytes,"[2006, 2006, 2005, 2005]",2005.5,2005,2006,"[2006, 2006, 2005, 2006]",2006.0,2005,2006,0.024931438544006923,"[0.0, 0.0, 0.0, 0.04987531172069293]",0.0,0.04987531172069293
post_message,64,rps,"[302.0, 293.6, 260.1, 319.4]",297.8,260.1,319.4,"[380.5, 393.6, 375.6, 388.4]",384.45,375.6,393.6,29.096709200805893,"[25.9933774834437, 34.059945504087196, 44.405997693194934, 21.603005635566696]",21.603005635566696,44.405997693194934
post_message,64,p50_ms,"[209.407, 217.599, 233.855, 198.399]",213.503,198.399,233.855,"[167.039, 156.927, 169.343, 163.327]",165.183,156.927,169.343,-22.63200048711259,"[-20.23237045561993, -27.88248107757848, -27.586324859421442, -17.677508455183744]",-27.88248107757848,-17.677508455183744
post_message,64,p99_ms,"[258.303, 265.215, 360.703, 287.231]",276.22299999999996,258.303,360.703,"[196.991, 245.119, 209.663, 194.815]",203.327,194.815,245.119,-26.39027162835823,"[-23.736464539707235, -7.577248647323865, -41.87378535803694, -32.174800073808186]",-41.87378535803694,-7.577248647323865
post_message,64,cpu_us_per_success,"[10575.284383561644, 10828.951925780151, 12164.808463251671, 9952.261490521942]",10702.118154670898,9952.261490521942,12164.808463251671,"[10059.378922311189, 9686.651318543323, 10146.356892010535, 9911.893540161496]",9985.636231236342,9686.651318543323,10146.356892010535,-6.694767457055684,"[-4.878407450227861, -10.548579539977343, -16.592547078226673, -0.40561585322983484]",-16.592547078226673,-0.40561585322983484
post_message,64,avg_bytes,"[2005, 2005, 2005, 2005]",2005.0,2005,2005,"[2005, 2005, 2004, 2005]",2005.0,2004,2005,0.0,"[0.0, 0.0, -0.04987531172069293, 0.0]",-0.04987531172069293,0.0
