app,rep,route,concurrency,successes,secs,rps,p50_ms,p99_ms,cpu_us_per_success,avg_wire_body_bytes,errors
baseline,1,room_show,1,1218,12.01,101.4,9.271,16.223,12962.395730706075,21232,0
baseline,1,room_show,16,3778,12.04,313.7,50.591,66.239,11420.40365272631,21232,0
baseline,1,room_show,64,3770,12.16,310.2,203.135,256.639,11423.07824933687,21232,0
baseline,1,messages_page,1,1659,12.01,138.1,6.791,13.775,9007.66184448463,12089,0
baseline,1,messages_page,16,4604,12.03,382.6,40.671,64.351,9412.434404865335,12089,0
baseline,1,messages_page,64,4619,12.12,381.0,164.223,222.335,9499.07663996536,12089,0
baseline,1,sidebar,1,2954,12.0,246.1,3.731,6.595,6414.8073798239675,6106,0
baseline,1,sidebar,16,5464,12.02,454.4,33.631,54.207,7006.208821376281,6107,0
baseline,1,sidebar,64,5418,12.11,447.6,139.135,213.119,7085.720930232558,6106,0
baseline,1,search,1,2156,12.0,179.6,5.359,9.119,7586.2940630797775,10272,0
baseline,1,search,16,5090,12.04,422.9,36.511,61.343,7779.434774066797,10272,0
baseline,1,search,64,5464,12.11,451.2,140.543,189.055,7338.659224011713,10272,0
baseline,1,avatar,1,53626,12.0,4468.7,0.204,0.495,311.18397792115763,3360,0
baseline,1,avatar,16,331354,12.0,27610.7,0.35,2.755,123.72712265432136,3360,0
baseline,1,avatar,64,236670,12.0,19714.8,1.49,20.015,169.36542865593444,3360,0
baseline,1,static_css,1,64902,12.0,5408.4,0.17,0.413,271.86353271085636,653,0
baseline,1,static_css,16,425120,12.0,35423.2,0.295,2.233,100.13262137749341,653,0
baseline,1,static_css,64,362664,12.0,30209.6,1.097,12.519,115.80950411400084,653,0
baseline,1,up,1,11926,12.0,993.8,0.972,1.526,1505.3672647995975,88,0
baseline,1,up,16,39068,12.0,3254.4,4.319,15.215,1122.0780690078836,88,0
baseline,1,up,64,38696,12.02,3220.3,18.639,49.311,1161.8668596237337,88,0
baseline,1,post_message,1,1075,12.0,89.6,10.967,18.031,18096.65953488372,2006,0
baseline,1,post_message,16,3388,12.04,281.4,56.031,80.767,11348.624852420307,2006,0
baseline,1,post_message,64,3650,12.09,302.0,209.407,258.303,10575.284383561644,2005,0
baseline,2,room_show,1,1192,12.0,99.3,9.263,18.447,13037.94211409396,21233,0
baseline,2,room_show,16,3360,12.04,279.0,55.615,87.551,12660.477976190476,21233,0
baseline,2,room_show,64,3735,12.16,307.3,208.255,240.895,11540.88969210174,21233,0
baseline,2,messages_page,1,1643,12.0,136.9,7.071,10.823,9104.947656725502,12081,0
baseline,2,messages_page,16,4837,12.03,402.1,39.263,56.895,9053.635517882985,12081,0
baseline,2,messages_page,64,4892,12.12,403.6,155.647,207.999,9114.007563368765,12081,0
baseline,2,sidebar,1,3326,12.0,277.1,3.487,5.527,5914.684305472038,6107,0
baseline,2,sidebar,16,5594,12.02,465.4,33.919,51.743,7026.756703611012,6106,0
baseline,2,sidebar,64,5436,12.11,449.0,139.775,212.735,7192.472038263429,6107,0
baseline,2,search,1,2102,12.0,175.1,5.487,8.911,8058.458610846813,10264,0
baseline,2,search,16,5040,12.03,419.1,37.439,55.391,8018.532142857143,10264,0
baseline,2,search,64,5466,12.1,451.6,139.519,182.143,7481.392425905598,10264,0
baseline,2,avatar,1,51324,12.0,4276.9,0.213,0.534,326.8230652326397,3360,0
baseline,2,avatar,16,303795,12.0,25311.7,0.38,3.027,135.4278806431969,3360,0
baseline,2,avatar,64,224387,12.0,18691.7,1.518,20.815,178.34564836643835,3360,0
baseline,2,static_css,1,60792,12.0,5065.9,0.179,0.45,294.961327148309,653,0
baseline,2,static_css,16,402718,12.0,33556.9,0.313,2.375,106.68071951092328,653,0
baseline,2,static_css,64,330216,12.0,27507.1,1.242,13.615,128.5384505899169,653,0
baseline,2,up,1,10861,12.0,905.0,1.052,1.777,1634.1568916306048,88,0
baseline,2,up,16,36202,12.0,3016.2,4.755,14.679,1281.7216452129717,88,0
baseline,2,up,64,39875,12.01,3320.2,18.095,48.575,1169.0386457680252,88,0
baseline,2,post_message,1,1002,12.0,83.5,11.695,19.007,19056.106786427146,2006,0
baseline,2,post_message,16,3192,12.03,265.4,59.167,81.535,12158.328947368422,2006,0
baseline,2,post_message,64,3557,12.11,293.6,217.599,265.215,10828.951925780151,2005,0
baseline,3,room_show,1,1119,12.0,93.2,10.071,18.767,14262.798927613941,21232,0
baseline,3,room_show,16,3343,12.05,277.4,56.191,94.527,12653.464851929404,21232,0
baseline,3,room_show,64,3435,12.19,281.8,220.799,310.783,12471.227947598254,21232,0
baseline,3,messages_page,1,1422,12.0,118.5,7.931,14.327,10762.287623066104,12080,0
baseline,3,messages_page,16,4513,12.05,374.6,41.343,70.911,9630.284289829382,12080,0
baseline,3,messages_page,64,4746,12.12,391.5,159.871,212.479,9340.369363674674,12080,0
baseline,3,sidebar,1,2393,12.0,199.3,4.395,13.487,8065.1763476807355,6107,0
baseline,3,sidebar,16,4950,12.03,411.4,38.111,59.007,7659.065858585858,6107,0
baseline,3,sidebar,64,5056,12.08,418.6,146.047,313.087,7471.420292721519,6107,0
baseline,3,search,1,1989,12.0,165.7,5.863,8.863,8458.240321769734,10264,0
baseline,3,search,16,4862,12.03,404.2,38.399,58.559,8036.01151789387,10263,0
baseline,3,search,64,5229,12.1,432.2,144.511,227.455,7584.004781028877,10264,0
baseline,3,avatar,1,44086,12.0,3673.8,0.243,0.61,385.32293698679854,3360,0
baseline,3,avatar,16,294847,12.0,24568.2,0.393,3.067,139.04060750151774,3360,0
baseline,3,avatar,64,222580,12.01,18540.6,1.573,21.087,179.76984455027406,3360,0
baseline,3,static_css,1,62333,12.0,5194.3,0.177,0.434,283.6882871031396,653,0
baseline,3,static_css,16,426625,12.0,35547.6,0.293,2.243,100.04130090829183,653,0
baseline,3,static_css,64,382821,12.01,31887.5,1.064,11.647,109.6066307752187,653,0
baseline,3,up,1,12474,12.0,1039.4,0.936,1.419,1594.9458072791406,88,0
baseline,3,up,16,39036,12.0,3252.1,4.323,15.223,1137.112280971411,88,0
baseline,3,up,64,35783,12.02,2976.6,20.047,54.943,1257.8781823771064,88,0
baseline,3,post_message,1,870,12.0,72.5,12.543,31.839,21908.419540229886,2005,0
baseline,3,post_message,16,3031,12.04,251.8,61.567,97.727,12648.192015836357,2005,0
baseline,3,post_message,64,3143,12.09,260.1,233.855,360.703,12164.808463251671,2005,0
baseline,4,room_show,1,1269,12.0,105.7,9.191,13.087,12449.27659574468,21232,0
baseline,4,room_show,16,3568,12.05,296.1,53.087,76.991,11990.47393497758,21232,0
baseline,4,room_show,64,3626,12.15,298.3,211.455,263.423,11694.277716492003,21232,0
baseline,4,messages_page,1,1668,12.01,138.9,6.987,10.743,9130.341127098322,12081,0
baseline,4,messages_page,16,5031,12.03,418.2,37.407,59.359,8650.689326177699,12081,0
baseline,4,messages_page,64,5095,12.11,420.8,150.399,187.519,8648.67281648675,12081,0
baseline,4,sidebar,1,3018,12.0,251.4,3.655,6.295,6380.46056991385,6107,0
baseline,4,sidebar,16,5335,12.03,443.6,35.423,54.367,7156.191002811622,6107,0
baseline,4,sidebar,64,5533,12.1,457.1,139.391,169.599,6898.691487439002,6107,0
baseline,4,search,1,2190,12.0,182.5,5.275,8.279,8415.626484018265,10259,0
baseline,4,search,16,4958,12.02,412.4,37.695,59.711,7979.528842275111,10259,0
baseline,4,search,64,5232,12.11,431.9,148.223,182.271,7622.095756880734,10259,0
baseline,4,avatar,1,50560,12.0,4213.2,0.215,0.539,329.51756329113925,3360,0
baseline,4,avatar,16,303188,12.0,25262.6,0.382,3.041,135.54754805599165,3360,0
baseline,4,avatar,64,250895,12.0,20899.2,1.473,18.527,160.24354809780985,3360,0
baseline,4,static_css,1,62081,12.0,5173.2,0.176,0.454,283.98410141589216,653,0
baseline,4,static_css,16,412704,12.0,34388.2,0.299,2.331,102.17053869116849,653,0
baseline,4,static_css,64,350615,12.0,29207.7,1.14,12.863,119.02171612737618,653,0
baseline,4,up,1,11501,12.0,958.3,1.008,1.664,1717.9303538822712,88,0
baseline,4,up,16,39393,12.0,3281.6,4.363,14.607,1122.5585510116011,88,0
baseline,4,up,64,40464,12.02,3367.1,17.775,48.575,1111.2267200474496,88,0
baseline,4,post_message,1,1060,12.0,88.3,10.983,18.959,18822.525471698114,2005,0
baseline,4,post_message,16,3691,12.02,307.0,51.423,68.863,10421.58358168518,2005,0
baseline,4,post_message,64,3851,12.06,319.4,198.399,287.231,9952.261490521942,2005,0
candidate,1,room_show,1,1275,12.0,106.2,8.815,17.151,12031.150588235294,21232,0
candidate,1,room_show,16,3948,12.02,328.3,47.519,89.791,12014.209979736575,21232,0
candidate,1,room_show,64,3860,12.13,318.1,196.223,401.663,12377.529533678757,21232,0
candidate,1,messages_page,1,1669,12.01,139.0,6.855,11.935,9793.394248052726,12084,0
candidate,1,messages_page,16,5188,12.02,431.6,34.335,86.207,9152.284502698534,12084,0
candidate,1,messages_page,64,4999,12.1,413.3,139.519,385.023,9557.274654930987,12084,0
candidate,1,sidebar,1,3397,12.0,283.1,3.373,5.559,5873.343832793641,6106,0
candidate,1,sidebar,16,9003,12.01,749.3,20.559,40.575,5188.081417305342,6107,0
candidate,1,sidebar,64,9271,12.06,769.0,77.759,166.015,5072.019846834214,6107,0
candidate,1,search,1,2939,12.0,244.9,3.893,6.291,5866.466485199047,9990,0
candidate,1,search,16,7839,12.02,652.2,23.791,45.151,6025.359229493558,9990,0
candidate,1,search,64,7712,12.07,638.9,100.287,162.815,6179.839859958506,9990,0
candidate,1,avatar,1,56479,12.0,4706.5,0.199,0.478,291.692522884612,3360,0
candidate,1,avatar,16,342796,12.0,28563.8,0.345,2.575,121.22865494346492,3360,0
candidate,1,avatar,64,239043,12.01,19910.7,1.46,19.471,168.60406286735022,3360,0
candidate,1,static_css,1,60785,12.0,5065.3,0.179,0.456,290.3909352636341,653,0
candidate,1,static_css,16,485471,12.0,40452.1,0.259,1.959,88.41050855766873,653,0
candidate,1,static_css,64,355506,12.01,29611.9,1.12,12.591,117.77402350452594,653,0
candidate,1,up,1,14513,12.0,1209.3,0.785,1.423,1337.0789636877282,88,0
candidate,1,up,16,49474,12.0,4122.1,3.507,11.271,872.7999353195618,88,0
candidate,1,up,64,53474,12.01,4450.7,13.279,38.079,824.5199162209672,88,0
candidate,1,post_message,1,1860,12.0,155.0,6.283,12.431,14157.063440860215,2006,0
candidate,1,post_message,16,4778,12.03,397.1,39.967,61.055,9642.60443700293,2006,0
candidate,1,post_message,64,4621,12.14,380.5,167.039,196.991,10059.378922311189,2005,0
candidate,2,room_show,1,1377,12.0,114.7,8.375,12.359,10934.71968046478,21232,0
candidate,2,room_show,16,3874,12.03,322.1,48.255,89.855,12313.700309757356,21232,0
candidate,2,room_show,64,3812,12.16,313.5,201.471,401.663,12630.794858342078,21232,0
candidate,2,messages_page,1,1765,12.0,147.0,6.551,10.935,8306.750141643059,12084,0
candidate,2,messages_page,16,5465,12.02,454.6,32.415,82.751,8762.722232387923,12084,0
candidate,2,messages_page,64,5119,12.09,423.3,132.607,402.687,9423.481539363156,12084,0
candidate,2,sidebar,1,3659,12.0,304.9,3.169,4.835,5489.1052200054655,6107,0
candidate,2,sidebar,16,8714,12.01,725.4,21.487,39.295,5426.523066330044,6106,0
candidate,2,sidebar,64,8776,12.06,727.6,91.775,140.543,5429.6550820419325,6106,0
candidate,2,search,1,2573,12.0,214.3,4.435,7.707,6672.385153517295,9990,0
candidate,2,search,16,7738,12.02,644.0,24.319,41.887,6164.547428276041,9990,0
candidate,2,search,64,7562,12.07,626.5,105.279,182.143,6341.465617561492,9990,0
candidate,2,avatar,1,53387,12.0,4448.9,0.208,0.504,312.73804484237735,3360,0
candidate,2,avatar,16,302121,12.0,25174.5,0.384,2.995,135.89130182939948,3360,0
candidate,2,avatar,64,227603,12.0,18959.1,1.499,20.463,178.48724753188665,3360,0
candidate,2,static_css,1,64458,12.0,5371.3,0.172,0.407,276.9301715845977,653,0
candidate,2,static_css,16,406603,12.0,33878.7,0.307,2.361,104.65983280989073,653,0
candidate,2,static_css,64,340903,12.0,28398.4,1.189,13.159,122.83174392715817,653,0
candidate,2,up,1,15658,12.0,1304.7,0.737,1.223,1241.1185975220335,88,0
candidate,2,up,16,51924,12.0,4325.4,3.271,11.351,812.8555581234111,88,0
candidate,2,up,64,51774,12.01,4309.9,13.703,40.511,834.7929269517518,88,0
candidate,2,post_message,1,1659,12.0,138.2,6.815,14.095,15789.575647980711,2006,0
candidate,2,post_message,16,4813,12.03,400.2,39.039,63.391,9501.871805526698,2006,0
candidate,2,post_message,64,4778,12.14,393.6,156.927,245.119,9686.651318543323,2005,0
candidate,3,room_show,1,1370,12.01,114.1,8.463,13.055,11035.930656934306,21232,0
candidate,3,room_show,16,4307,12.02,358.2,43.551,76.159,11124.918504759693,21232,0
candidate,3,room_show,64,3926,12.14,323.4,194.047,401.151,12291.87366276108,21232,0
candidate,3,messages_page,1,1809,12.0,150.7,6.423,10.071,8116.108347153123,12084,0
candidate,3,messages_page,16,5443,12.02,452.7,33.055,75.007,8793.04097005328,12084,0
candidate,3,messages_page,64,4893,12.1,404.5,138.879,401.407,9858.62660944206,12084,0
candidate,3,sidebar,1,3440,12.0,286.6,3.343,5.435,5776.291279069767,6106,0
candidate,3,sidebar,16,8898,12.01,740.8,21.087,39.615,5255.718588446842,6106,0
candidate,3,sidebar,64,8787,12.06,728.5,87.871,140.799,5359.454648913167,6107,0
candidate,3,search,1,2784,12.0,232.0,4.151,6.711,6100.880747126437,9990,0
candidate,3,search,16,7625,12.02,634.5,24.527,47.007,6193.325508196721,9990,0
candidate,3,search,64,7537,12.07,624.3,99.903,185.471,6299.472071115829,9990,0
candidate,3,avatar,1,50444,12.0,4203.6,0.219,0.527,336.102509713742,3360,0
candidate,3,avatar,16,305427,12.0,25450.0,0.381,2.971,134.5919024840633,3360,0
candidate,3,avatar,64,232998,12.0,19408.9,1.484,20.287,172.7324097202551,3360,0
candidate,3,static_css,1,61322,12.0,5110.1,0.179,0.436,293.83748083885064,653,0
candidate,3,static_css,16,421926,12.0,35156.7,0.298,2.239,101.25639330119499,653,0
candidate,3,static_css,64,328035,12.01,27324.0,1.169,14.031,127.6614141783651,653,0
candidate,3,up,1,15493,12.0,1291.0,0.739,1.277,1256.4939004711805,88,0
candidate,3,up,16,53770,12.0,4479.8,3.309,9.335,816.9142458620048,88,0
candidate,3,up,64,49942,12.01,4157.8,14.063,42.271,896.8781186175964,88,0
candidate,3,post_message,1,1720,12.0,143.3,6.831,13.231,15424.413953488372,2006,0
candidate,3,post_message,16,4259,12.03,354.1,44.223,72.383,10844.08640525945,2005,0
candidate,3,post_message,64,4556,12.13,375.6,169.343,209.663,10146.356892010535,2004,0
candidate,4,room_show,1,1459,12.0,121.5,8.099,10.567,10271.265250171351,21232,0
candidate,4,room_show,16,4402,12.02,366.1,42.751,74.111,10841.88323489323,21232,0
candidate,4,room_show,64,4091,12.13,337.3,187.007,341.247,11699.062820826204,21232,0
candidate,4,messages_page,1,1774,12.0,147.8,6.463,10.311,8277.9503945885,12084,0
candidate,4,messages_page,16,5483,12.02,456.0,32.799,74.943,8735.517417472187,12084,0
candidate,4,messages_page,64,5118,12.08,423.7,137.983,378.879,9395.821414615084,12084,0
candidate,4,sidebar,1,3612,12.0,300.9,3.139,5.351,5568.394518272426,6107,0
candidate,4,sidebar,16,8614,12.01,717.1,20.943,42.015,5465.558509403297,6107,0
candidate,4,sidebar,64,8642,12.06,716.7,85.439,151.039,5476.436473038649,6107,0
candidate,4,search,1,2842,12.0,236.8,4.071,6.455,5975.217452498241,9990,0
candidate,4,search,16,7684,12.02,639.3,24.431,45.343,6167.932717334722,9990,0
candidate,4,search,64,7879,12.07,652.7,95.039,177.791,6063.041248889453,9990,0
candidate,4,avatar,1,54978,12.0,4581.4,0.203,0.491,302.9395394521445,3360,0
candidate,4,avatar,16,324622,12.0,27049.4,0.36,2.731,127.57610389930443,3360,0
candidate,4,avatar,64,230251,12.0,19180.5,1.407,20.543,175.28984890402214,3360,0
candidate,4,static_css,1,63747,12.0,5312.2,0.172,0.443,281.848228151913,653,0
candidate,4,static_css,16,444836,12.0,37066.7,0.281,2.153,96.00607190065553,653,0
candidate,4,static_css,64,356232,12.0,29675.3,1.128,12.647,117.61792876552359,653,0
candidate,4,up,1,16031,12.0,1335.9,0.726,1.159,1216.827022643628,88,0
candidate,4,up,16,54230,12.0,4518.1,3.287,9.183,806.620173335792,88,0
candidate,4,up,64,53843,12.01,4482.6,13.111,38.591,828.6867930835949,88,0
candidate,4,post_message,1,1735,12.01,144.5,6.771,13.159,14637.534870317002,2006,0
candidate,4,post_message,16,4757,12.03,395.5,39.839,56.543,9709.7506832037,2006,0
candidate,4,post_message,64,4706,12.12,388.4,163.327,194.815,9911.893540161496,2005,0
